seq,first,last,email,gender,phone,postal,countryCode
1,Lucas,Palmer,muhvoc@jimezsuv.st,Male,(381) 389-3542,R2K 6F6,US
2,Sylvia,Pittman,zocmef@ko.org,Female,(654) 560-5956,A7B 1O2,US
3,,Harvey,pup@legojuka.as,Male,(913) 551-5763,L2S 9Y5,US
4,Sarah,Bell,sil@jog.kr,Male,(220) 866-6983,T5L 1U4,US
5,Eugene,Bailey,jolob@robi.sh,Female,(635) 864-6662,V8X 8A4,US
6,Ray,Sims,deg@zukebdo.al,Female,(467) 674-4037,M8A 6Q8,US
7,Alta,Quinn,bepwivag@demi.sv,Female,(337) 460-9762,N0F 1O0,US
8,Rosetta,Gonzales,fa@homwisel.pt,Female,(761) 983-1635,L1E 9A5,PH
9,,Brady,mamaw@jipojipi.kz,Male,(661) 724-5590,B4N 8Z5,US
10,Blake,Hart,aj@vo.ps,Male,(488) 908-1378,T1G 8M2,US
11,Lois,Hart,pu@tuznejof.va,Female,(376) 489-2371,B8U 0P9,US
12,Lula,Pope,,Male,(805) 537-3517,L8W 7A2,US
13,,Miles,amuesiwa@osal.gy,Male,(570) 280-1266,R8C 5A9,US
14,Mollie,Gonzalez,bigu@fecha.ee,Female,(861) 698-7106,V7M 4J4,US
15,Francis,Ortiz,enja@ga.cm,Female,(510) 606-9625,J5F 6O9,US
16,Daisy,McKenzie,cempuv@malilvu.se,Female,(453) 773-6363,R3S 8F0,US
17,Gene,Douglas,ololacocu@amuab.ax,Female,(847) 816-2043,V2Y 0J8,SG
18,Harold,Logan,ninaj@vaco.mu,Female,(315) 276-8181,X3T 3V3,US
19,Lizzie,Schmidt,podrah@ditepaw.mz,Female,(625) 605-2073,N6Y 1C5,US
20,Clarence,Todd,hifoh@omtic.mu,Male,(273) 784-8970,A9V 1Y2,US
21,Stanley,Floyd,kegan@sijita.ax,Male,(822) 850-5085,P4U 6L7,US
22,Johnny,Gross,gejdenpe@jucsada.tf,Female,(741) 678-1967,X8V 2J8,US
23,Ruth,Robbins,ku@colsu.bi,Female,(853) 787-6313,B3Z 5I4,US
24,Marcus,Wilson,kaliihe@dalu.is,Female,(418) 870-2881,G3S 4U2,US
25,Andre,Delgado,jignave@behilsos.gg,Male,(213) 675-5513,H7X 1A4,US
26,Dylan,Holt,tiik@rutkenwim.kh,Female,(633) 430-5184,N7O 1Y2,US
27,Samuel,Dunn,eg@fozigu.tt,Female,(872) 905-6167,H8I 4B9,US
28,Aaron,Ray,val@gahec.ar,Male,(877) 994-4442,A4Z 0O9,US
29,Rosa,Johnson,vifhap@alovueh.ga,Male,(451) 950-3625,J3A 5D7,SG
30,Joel,Howard,jij@afibe.lt,Male,(507) 688-6277,X7O 6H7,US
31,George,Burgess,jizohus@fib.fm,Male,(768) 249-4191,L0T 8D9,US
32,Phoebe,Owens,junohra@fegirged.za,Male,(710) 519-3387,K0V 1J4,US
33,Charlotte,Wade,gaasvo@zarkelut.gr,Male,(442) 981-3702,C7E 7A5,US
34,Lora,Rowe,ji@vibnub.fr,Male,(464) 760-5275,C9G 6V6,US
35,Leo,Bryan,fis@zondi.to,Female,(208) 723-7003,N5I 6K5,US
36,Joe,Jones,wecjirji@top.lr,Female,(584) 511-4131,K5V 4O6,US
37,Jeffrey,Wheeler,lumeah@buwunez.er,Female,(320) 423-3179,V9X 9Q3,US
38,Hannah,Matthews,heisiowo@tuchig.jm,Female,(546) 721-4525,P0P 3W6,US
39,Curtis,Jackson,olenegnot@lafi.mx,Male,(940) 671-8312,B6I 3S7,PH
40,Billy,Watson,je@nuemra.rs,Male,(226) 944-3943,L7S 6S5,US
41,Tyler,Warren,fe@da.qa,Female,(779) 378-4146,R1N 3Y3,US
42,Noah,Bailey,amtaap@mif.hm,Male,(210) 505-7820,A9N 0Q8,US
43,Kate,Bishop,node@tuznelom.pw,Male,(677) 430-1203,A4R 3Z9,US
44,Brian,Lloyd,udizur@rigvi.ly,Male,(761) 627-6821,G8J 4D5,US
45,Alan,Taylor,ebozus@ojzoj.md,Male,(539) 799-9134,E3P 8H1,US
46,Antonio,Conner,ubjara@tij.tg,Female,(338) 938-6396,L1F 7U8,US
47,Myra,Sanders,zihimreb@bipivvo.mo,Male,(318) 313-3836,P1E 2M9,US
48,Franklin,Cain,hum@zoug.lk,Female,(717) 668-6848,J5C 1K4,US
49,Herman,Newman,wewem@zamo.ps,Male,(720) 230-8095,S8O 0R0,US
50,Lucille,Day,iwofo@la.dj,Male,(536) 884-5707,R8A 6U4,US
51,Nannie,Leonard,va@oz.gd,Female,(554) 940-5989,V2U 3Q6,US
52,Glenn,Vasquez,higig@gawnac.ci,Male,(450) 238-8037,B6R 6I0,US
53,Elijah,Robertson,weheve@ruive.zw,Female,(573) 348-5385,X9T 7C7,PH
54,James,Dunn,sos@den.sb,Male,(638) 600-6798,B0H 5X2,US
55,Mollie,Beck,gitba@suwujput.cw,Male,(967) 965-4918,S4Z 5E6,US
56,Myrtie,Gonzalez,abu@taahu.hu,Female,(614) 405-1829,S4H 4L8,US
57,Pauline,Pittman,heb@pa.tm,Male,(243) 249-1229,P6S 8G7,US
58,Jackson,Phillips,zegawe@ipige.pw,Male,(231) 363-3936,S8M 1W8,US
59,Bruce,Sutton,omebo@egafo.mp,Male,(641) 217-8294,S1Q 4D9,US
60,Marie,Carpenter,kajnoleh@nucim.co.uk,Female,(640) 838-8868,C0A 2B1,US
61,Susan,Myers,hapgijted@azpuute.il,Male,(530) 320-4770,B9A 5H0,US
62,George,Reyes,gijavu@zatum.fk,Female,(282) 332-1823,S0N 2J6,US
63,Eugenia,Vega,dewto@gofup.gl,Female,(832) 216-1979,P2N 5T0,US
64,Kenneth,Tate,luoni@nage.ug,Female,(339) 233-4283,C2W 8Q8,US
65,Eula,Berry,nur@lohtoj.kp,Male,(864) 639-7549,L1N 1K3,US
66,Bess,Jefferson,jum@zopraowo.sb,Female,(234) 696-2767,N1C 0Z6,SG
67,Dean,Burton,haz@lobho.gr,Male,(752) 659-6324,X7B 4D3,US
68,Gregory,Lloyd,doavovo@jep.ve,Female,(924) 858-5567,B0E 0C9,US
69,Jack,Jackson,utoezgif@cefi.ac,Female,(237) 776-1661,X4N 6L5,SG
70,Willie,Day,ofa@nasde.ee,Male,(713) 638-3477,V5T 6U6,US
71,Lewis,Cox,fiimi@zor.kg,Male,(882) 814-1330,S7Y 8H5,US
72,Alan,Mills,eki@morrob.bo,Male,(454) 974-3739,S3A 4N9,US
73,Rosalie,Waters,avwizgi@ucufan.rw,Male,(529) 877-7658,C5O 3R9,US
74,Cornelia,Edwards,ug@cablu.jp,Female,(389) 633-6217,M5I 0X5,US
75,Edgar,Ortiz,lullat@avopo.ga,Male,(786) 453-6007,K2A 8Q2,US
76,Fanny,Rogers,dajita@fahohivon.nf,Male,(586) 313-2296,J8R 4W9,US
77,Timothy,Martinez,uwaifaivu@bevaoti.mm,Female,(560) 240-6197,N9X 4U4,US
78,Richard,Gill,ofelikem@zocrac.na,Male,(871) 573-9950,C8T 7K8,US
79,Cornelia,Stevenson,meuca@om.sa,Male,(818) 325-2815,C4E 0C9,US
80,Cecelia,Hunter,ned@cidvaru.hk,Male,(727) 676-3443,T1X 7E9,US
81,Mayme,Wade,abfimo@lufhisij.ai,Male,(459) 311-3425,G7M 4V7,US
82,Jack,McGee,digu@mukguof.de,Male,(283) 824-3047,J1A 4O0,US
83,Leon,Bass,apiwuwi@do.tv,Female,(254) 633-6459,K0P 9Z1,US
84,Nannie,Daniel,gecerru@towvo.cl,Female,(332) 638-6641,G8Y 9V4,US
85,Cory,Burton,detjuc@nik.gq,Female,(212) 328-4406,E4K 1L4,US
86,Vera,Dawson,vahnaroh@nog.ga,Female,(287) 926-9626,H5T 3D4,US
87,Francisco,Byrd,,Female,(579) 928-5296,J5V 3T4,US
88,Bradley,Swanson,zuflibasa@uhiriz.ht,Female,(989) 346-5829,R5T 8T5,US
89,Abbie,Ward,hidili@ohoel.dk,Male,(828) 776-7873,X9Q 5Q3,US
90,Ina,Bishop,loc@rubwueto.ae,Female,(852) 758-9634,M5E 5P3,PH
91,Christina,Matthews,lut@mu.ae,Male,(771) 910-5112,H5J 6X1,US
92,Harriett,Clayton,tohuspo@liab.in,Female,(231) 624-2812,X6U 7F1,SG
93,Lucinda,Rios,wohzumzev@ceevfug.vu,Male,(989) 515-2442,H3W 9A5,US
94,Alta,Patrick,ejde@gi.bd,Female,(541) 255-9328,X1N 0F4,US
95,Benjamin,Mann,bifuhgid@hu.sa,Male,(602) 489-2556,B7X 1X8,US
96,Cornelia,Joseph,dumocpi@depe.in,Male,(836) 887-8562,M6I 0N2,SG
97,Genevieve,Figueroa,kovile@buptavge.ws,Male,(304) 461-1045,P1C 4U5,US
98,Estelle,Freeman,bi@cuh.tj,Male,(325) 672-4206,K8P 2P3,US
99,Kenneth,Silva,avcu@ilafof.kz,Female,(277) 389-9431,V5P 5P8,US
100,Lelia,,zidbid@po.lu,Female,(559) 438-6446,S7L 6E9,US